<addon id="plugin.video.temptv" name="[COLOR fuchsia]TempTV[/COLOR]" provider-name="Tempest, JewBMX" version="1.0.3a">
    <requires>
        <import addon="xbmc.python" version="2.19.0" />
        <import addon="script.video.F4mProxy" />
        <import addon="script.module.requests" />
    </requires>
    <extension library="default.py" point="xbmc.python.pluginsource">
        <provides>video</provides>
    </extension>
    <extension point="xbmc.addon.metadata">
        <summary lang="en">Simple Free Light IPTV and 1 Click Movies.</summary>
        <description lang="en">Simple Free Light IPTV and 1 Click Movies.</description>
        <disclaimer lang="en">The author is not responsible for the use of this addon. The author is not responsible for the content found using this addon. The author does not host or own any content found within this addon.[CR]The author is in no way affiliated with Kodi, Team Kodi, or the XBMC Foundation.[CR]This is a Non-profit resource, organized solely for educational purposes which is protected under the Fair-Use doctrine of the Copyright Act, Specifically section 107, which does promote freedom of expression, by permitting the unlicensed use of copyright-protected works.</disclaimer>
        <license>Free the People!, Free the World!!</license>
        <platform>all</platform>
        <assets>
            <icon>icon.png</icon>
            <fanart>fanart.jpg</fanart>
        </assets>
    </extension>
</addon>
